date,temp_mean,temp_max,temp_min,precipitation_sum,rain_sum,snowfall_sum,wind_speed_mean,wind_gust_mean,cloud_cover_mean
2023-01-01,8.979166666666666,11.9,4.9,2.1,2.1,0.0,12.645833333333334,22.258333333333336,42.541666666666664
2023-01-02,7.895833333333333,12.9,4.6,0.5,0.5,0.0,6.6125,12.108333333333334,86.04166666666667
2023-01-03,9.545833333333333,12.9,6.3,9.5,9.5,0.0,9.725,17.1375,99.79166666666667
2023-01-04,13.129166666666668,18.0,9.6,2.3,2.3,0.0,10.875,19.929166666666667,99.33333333333333
2023-01-05,10.041666666666666,13.1,7.4,0.0,0.0,0.0,8.129166666666666,15.033333333333333,96.75
2023-01-06,6.2124999999999995,8.7,3.3,9.6,9.6,0.0,9.733333333333333,17.891666666666666,70.75
2023-01-07,3.704166666666667,8.2,0.5,0.0,0.0,0.0,13.254166666666668,23.229166666666668,50.166666666666664
2023-01-08,1.3499999999999999,4.2,-2.3,0.0,0.0,0.0,8.716666666666667,16.966666666666665,39.458333333333336
2023-01-09,3.1041666666666665,7.2,0.8,1.5,1.2,0.21000000000000002,9.466666666666667,17.75,42.75
2023-01-10,2.6875,6.3,0.1,0.0,0.0,0.0,9.908333333333333,18.204166666666666,80.54166666666667
2023-01-11,1.0625,3.9,-1.1,0.0,0.0,0.0,9.5375,17.558333333333334,83.04166666666667
2023-01-12,5.2749999999999995,9.8,-0.6,11.899999999999999,11.899999999999999,0.0,12.479166666666666,21.958333333333332,88.83333333333333
2023-01-13,9.2875,12.7,3.1,1.6,1.6,0.0,20.770833333333332,35.887499999999996,100.0
2023-01-14,1.05,2.9,-0.5,0.0,0.0,0.0,23.787499999999998,40.09583333333333,99.75
2023-01-15,0.6916666666666668,5.2,-1.7,0.0,0.0,0.0,28.508333333333336,48.86666666666667,39.958333333333336
2023-01-16,1.5625,8.2,-2.3,0.0,0.0,0.0,16.766666666666666,29.229166666666668,12.166666666666666
2023-01-17,2.533333333333333,7.4,-2.0,1.4,1.4,0.0,8.137500000000001,15.5375,70.45833333333333
2023-01-18,6.6625000000000005,10.8,3.0,1.7,1.7,0.0,16.020833333333332,28.120833333333334,50.625
2023-01-19,4.016666666666667,5.7,2.4,23.5,23.5,0.0,9.916666666666666,18.004166666666666,99.625
2023-01-20,5.441666666666666,9.0,1.9,0.6,0.6,0.0,17.470833333333335,32.2875,56.0
2023-01-21,2.7916666666666665,6.2,-1.9,0.2,0.2,0.0,12.629166666666668,23.008333333333336,48.708333333333336
2023-01-22,1.4458333333333335,5.6,-3.4,5.4,5.4,0.0,9.366666666666667,18.004166666666666,86.83333333333333
2023-01-23,2.475,3.0,1.2,16.9,16.5,0.28,20.008333333333333,33.887499999999996,90.54166666666667
2023-01-24,2.35,7.8,-1.0,0.0,0.0,0.0,15.75,28.795833333333334,44.041666666666664
2023-01-25,2.25,10.6,-2.4,20.0,19.4,0.42000000000000004,15.012500000000001,26.46666666666667,100.0
2023-01-26,7.4875,11.9,3.0,14.5,14.5,0.0,24.733333333333334,44.699999999999996,54.708333333333336
2023-01-27,2.191666666666667,6.2,-1.5,0.0,0.0,0.0,12.358333333333334,22.5625,22.125
2023-01-28,4.391666666666667,10.9,-0.8,0.0,0.0,0.0,14.516666666666666,25.354166666666668,64.25
2023-01-29,5.608333333333333,10.5,0.2,0.0,0.0,0.0,13.283333333333333,21.795833333333334,92.83333333333333
2023-01-30,6.141666666666667,11.7,2.5,0.0,0.0,0.0,9.0375,16.845833333333335,60.541666666666664
2023-01-31,3.404166666666667,6.5,0.5,2.5,1.9,0.42,12.049999999999999,22.474999999999998,98.70833333333333
2023-02-01,-0.6291666666666667,3.2,-3.2,1.5999999999999999,0.0,1.1199999999999999,11.174999999999999,21.84583333333333,45.958333333333336
2023-02-02,-0.21666666666666667,4.1,-4.4,0.0,0.0,0.0,10.354166666666666,19.195833333333333,75.375
2023-02-03,-4.395833333333333,0.3,-10.6,0.0,0.0,0.0,30.354166666666668,51.25416666666666,39.458333333333336
2023-02-04,-9.541666666666666,-3.8,-16.5,0.0,0.0,0.0,20.224999999999998,39.270833333333336,19.166666666666668
2023-02-05,1.3708333333333333,9.1,-4.7,0.0,0.0,0.0,14.7125,25.84583333333333,97.125
2023-02-06,4.141666666666667,10.2,-0.9,0.0,0.0,0.0,16.462500000000002,28.004166666666666,28.875
2023-02-07,0.37500000000000006,3.7,-4.1,2.6,2.4,0.14,13.445833333333333,24.870833333333334,63.166666666666664
2023-02-08,4.825,10.4,1.1,0.7,0.7,0.0,12.820833333333333,22.795833333333334,41.291666666666664
2023-02-09,4.695833333333334,11.1,-1.8,0.0,0.0,0.0,11.012500000000001,18.408333333333335,86.79166666666667
2023-02-10,11.208333333333334,14.1,6.0,0.0,0.0,0.0,19.816666666666666,34.49166666666667,44.291666666666664
2023-02-11,3.704166666666667,6.8,0.4,0.0,0.0,0.0,14.4125,26.412499999999998,21.291666666666668
2023-02-12,2.829166666666667,6.8,-0.6,0.8,0.2,0.42,6.5,12.845833333333333,99.95833333333333
2023-02-13,6.591666666666666,13.4,2.5,1.8,1.3,0.35,17.375,30.229166666666668,48.5
2023-02-14,6.2625,11.4,2.5,0.0,0.0,0.0,16.3125,28.120833333333334,18.166666666666668
2023-02-15,10.1625,17.0,3.0,0.0,0.0,0.0,17.791666666666668,29.34166666666667,79.625
2023-02-16,12.695833333333333,19.2,9.2,2.9000000000000004,2.9000000000000004,0.0,11.129166666666668,19.729166666666668,91.08333333333333
2023-02-17,9.733333333333333,15.4,0.3,8.1,8.1,0.0,21.925,37.50833333333333,92.33333333333333
2023-02-18,0.9291666666666666,5.8,-2.7,0.0,0.0,0.0,16.566666666666666,30.55,17.958333333333332
2023-02-19,4.0249999999999995,8.1,-0.3,0.0,0.0,0.0,14.862499999999999,26.84166666666667,87.95833333333333
2023-02-20,8.9625,15.4,5.6,0.0,0.0,0.0,13.2125,23.09166666666667,76.45833333333333
2023-02-21,4.420833333333333,8.4,2.0,7.1000000000000005,6.5,0.42,10.916666666666666,21.929166666666664,82.375
2023-02-22,2.4916666666666667,5.6,-0.8,4.4,4.0,0.28,8.924999999999999,17.470833333333335,77.20833333333333
2023-02-23,4.558333333333333,7.8,2.7,0.6,0.6,0.0,12.920833333333334,23.2,85.25
2023-02-24,3.9291666666666667,7.4,-2.1,0.0,0.0,0.0,21.7375,39.55833333333333,40.541666666666664
2023-02-25,-3.0,0.2,-5.6,0.7000000000000001,0.0,0.49000000000000005,9.829166666666667,21.141666666666666,67.41666666666667
2023-02-26,2.25,10.2,-3.8,0.0,0.0,0.0,14.362499999999999,25.96666666666667,23.458333333333332
2023-02-27,1.5791666666666666,4.9,-2.2,3.8,0.1,2.59,13.191666666666668,25.041666666666668,61.5
2023-02-28,1.0041666666666667,2.2,-0.6,13.1,2.7,7.28,14.1625,25.041666666666668,81.33333333333333
2023-03-01,1.9541666666666666,5.8,-2.5,3.4000000000000004,0.9,1.75,12.4,23.675,55.25
2023-03-02,6.7875000000000005,13.8,2.2,1.5,1.5,0.0,13.9125,24.483333333333334,99.75
2023-03-03,3.3166666666666664,7.5,-1.5,2.8,2.8,0.0,14.0375,26.3625,85.33333333333333
2023-03-04,5.3875,7.2,3.2,41.8,41.8,0.0,20.245833333333334,37.675000000000004,95.95833333333333
2023-03-05,5.483333333333333,12.2,-0.4,0.0,0.0,0.0,14.879166666666668,26.96666666666667,37.875
2023-03-06,5.8625,10.2,1.4,0.0,0.0,0.0,15.625,28.645833333333332,44.166666666666664
2023-03-07,3.704166666666667,7.4,1.1,2.7,0.2,1.75,21.791666666666668,38.4375,58.333333333333336
2023-03-08,2.8791666666666664,9.4,-2.1,0.0,0.0,0.0,23.133333333333336,40.94166666666667,24.666666666666668
2023-03-09,4.320833333333334,10.4,-0.5,0.0,0.0,0.0,16.970833333333335,30.945833333333336,37.125
2023-03-10,3.275,7.4,-1.2,7.3,7.3,0.0,11.049999999999999,21.224999999999998,87.91666666666667
2023-03-11,4.254166666666666,7.0,1.8,13.1,11.2,1.33,17.904166666666665,31.15416666666667,79.54166666666667
2023-03-12,3.404166666666667,7.8,-1.0,0.0,0.0,0.0,11.516666666666666,22.625,59.0
2023-03-13,4.6625,5.9,3.7,16.7,16.7,0.0,14.708333333333334,25.287499999999998,100.0
2023-03-14,2.120833333333333,3.4,1.1,12.2,8.0,2.94,31.604166666666668,54.1,100.0
2023-03-15,3.275,7.1,0.9,0.0,0.0,0.0,33.09166666666667,56.94583333333333,57.041666666666664
2023-03-16,5.5249999999999995,13.4,-1.3,0.0,0.0,0.0,13.541666666666666,24.879166666666666,46.916666666666664
2023-03-17,8.520833333333334,14.4,2.5,0.0,0.0,0.0,11.358333333333334,21.5625,97.5
2023-03-18,7.6125,11.1,3.0,0.7,0.7,0.0,16.466666666666665,30.75,74.29166666666667
2023-03-19,1.1833333333333333,3.8,-2.8,0.0,0.0,0.0,21.104166666666668,37.925000000000004,16.125
2023-03-20,3.1625,10.7,-3.2,0.0,0.0,0.0,11.820833333333333,22.620833333333334,0.0
2023-03-21,7.45,15.8,-0.9,0.0,0.0,0.0,12.579166666666666,22.716666666666665,29.375
2023-03-22,7.841666666666666,13.3,2.3,0.0,0.0,0.0,14.15,25.566666666666666,79.54166666666667
2023-03-23,10.708333333333334,14.9,5.2,2.8000000000000003,2.8000000000000003,0.0,14.604166666666666,24.8,99.20833333333333
2023-03-24,8.683333333333334,13.1,5.7,0.2,0.2,0.0,10.820833333333333,21.483333333333334,97.75
2023-03-25,5.591666666666666,7.5,3.0,11.5,11.5,0.0,17.73333333333333,31.0625,98.625
2023-03-26,9.362499999999999,15.1,3.2,0.0,0.0,0.0,16.504166666666666,29.96666666666667,6.916666666666667
2023-03-27,7.804166666666667,14.9,2.5,2.6,2.6,0.0,12.041666666666666,23.008333333333336,49.458333333333336
2023-03-28,6.566666666666666,11.2,3.1,0.6,0.6,0.0,11.366666666666667,21.25,71.875
2023-03-29,5.3,11.0,-0.1,0.0,0.0,0.0,12.358333333333334,23.59583333333333,38.291666666666664
2023-03-30,3.266666666666667,7.6,-1.5,0.1,0.1,0.0,18.691666666666666,34.204166666666666,21.166666666666668
2023-03-31,5.954166666666667,10.1,-0.8,0.0,0.0,0.0,11.75,21.916666666666668,92.83333333333333
2023-04-01,14.85,19.7,9.6,10.1,10.1,0.0,20.516666666666666,36.829166666666666,93.04166666666667
2023-04-02,6.933333333333334,10.6,3.2,0.0,0.0,0.0,22.599999999999998,41.13333333333333,20.583333333333332
2023-04-03,7.083333333333333,13.4,-0.2,0.0,0.0,0.0,16.216666666666665,28.745833333333334,22.791666666666668
2023-04-04,13.25,18.7,5.9,0.0,0.0,0.0,9.333333333333334,18.929166666666667,41.875
2023-04-05,11.720833333333333,13.6,9.4,0.4,0.4,0.0,14.862499999999999,25.929166666666664,96.45833333333333
2023-04-06,16.604166666666668,26.5,10.6,3.3,3.3,0.0,9.116666666666667,18.204166666666666,94.54166666666667
2023-04-07,11.1875,13.9,6.8,0.0,0.0,0.0,16.079166666666666,27.958333333333332,98.54166666666667
2023-04-08,6.070833333333333,10.4,1.8,0.0,0.0,0.0,10.0,21.604166666666668,98.83333333333333
2023-04-09,6.391666666666667,11.8,1.2,0.0,0.0,0.0,11.845833333333333,23.420833333333334,23.083333333333332
2023-04-10,9.112499999999999,17.9,2.2,0.0,0.0,0.0,9.9625,19.254166666666666,0.8333333333333334
2023-04-11,14.833333333333334,23.0,6.4,0.0,0.0,0.0,17.099999999999998,29.733333333333334,67.91666666666667
2023-04-12,20.470833333333335,27.5,15.6,0.0,0.0,0.0,17.883333333333333,31.087500000000002,55.916666666666664
2023-04-13,22.054166666666664,31.1,11.9,0.0,0.0,0.0,13.291666666666666,23.116666666666664,0.0
2023-04-14,22.025000000000002,29.6,13.9,0.0,0.0,0.0,11.983333333333334,22.27916666666667,67.83333333333333
2023-04-15,17.645833333333332,21.0,14.6,5.0,5.0,0.0,11.7125,23.53333333333333,90.20833333333333
2023-04-16,15.770833333333334,21.0,12.3,0.0,0.0,0.0,9.8625,20.2375,99.41666666666667
2023-04-17,14.445833333333333,20.0,11.6,3.1,3.1,0.0,13.916666666666666,27.474999999999998,73.625
2023-04-18,11.266666666666666,14.4,7.1,0.1,0.1,0.0,23.295833333333334,42.420833333333334,29.583333333333332
2023-04-19,10.375,17.5,4.3,0.0,0.0,0.0,14.170833333333334,26.90833333333333,31.208333333333332
2023-04-20,10.479166666666666,15.9,5.8,0.0,0.0,0.0,9.920833333333333,20.837500000000002,53.958333333333336
2023-04-21,13.129166666666668,19.0,8.1,0.0,0.0,0.0,12.754166666666668,23.695833333333336,44.375
2023-04-22,14.266666666666666,19.8,9.9,15.7,15.7,0.0,17.941666666666666,34.425000000000004,96.5
2023-04-23,14.6,19.2,11.2,18.4,18.4,0.0,13.9625,26.52916666666667,69.375
2023-04-24,11.216666666666667,16.2,6.3,0.0,0.0,0.0,11.549999999999999,23.316666666666666,31.916666666666668
2023-04-25,10.362499999999999,15.2,5.6,0.30000000000000004,0.30000000000000004,0.0,9.3125,18.991666666666667,45.75
2023-04-26,9.979166666666666,13.9,6.2,0.9,0.9,0.0,10.129166666666666,20.829166666666666,54.25
2023-04-27,10.625,13.5,7.3,0.7000000000000001,0.7000000000000001,0.0,10.112499999999999,19.787499999999998,60.541666666666664
2023-04-28,9.820833333333333,13.1,6.8,6.1,6.1,0.0,15.375,26.75,95.75
2023-04-29,10.7125,12.2,8.8,59.5,59.5,0.0,21.525000000000002,37.36666666666667,100.0
2023-04-30,12.75,14.9,10.5,22.2,22.2,0.0,16.412499999999998,31.675,100.0
2023-05-01,12.658333333333333,15.7,7.6,1.8,1.8,0.0,22.983333333333334,42.40833333333334,57.583333333333336
2023-05-02,10.4125,13.4,8.4,0.8,0.8,0.0,15.983333333333334,29.995833333333334,84.0
2023-05-03,9.475,12.6,5.8,0.7000000000000001,0.7000000000000001,0.0,10.320833333333333,20.679166666666667,78.29166666666667
2023-05-04,10.195833333333333,14.4,6.3,1.7000000000000002,1.7000000000000002,0.0,10.758333333333333,21.775000000000002,78.41666666666667
2023-05-05,11.583333333333334,17.1,6.9,3.5,3.5,0.0,7.0874999999999995,16.224999999999998,33.5
2023-05-06,14.245833333333332,21.0,6.6,0.0,0.0,0.0,9.924999999999999,18.870833333333334,32.125
2023-05-07,16.366666666666667,23.8,9.3,0.0,0.0,0.0,11.433333333333332,22.208333333333332,59.166666666666664
2023-05-08,18.162499999999998,23.7,12.9,0.0,0.0,0.0,13.529166666666667,24.241666666666664,49.958333333333336
2023-05-09,14.129166666666668,19.3,9.8,0.0,0.0,0.0,10.579166666666667,21.666666666666668,70.33333333333333
2023-05-10,14.325000000000001,21.2,7.2,0.0,0.0,0.0,8.579166666666667,17.683333333333334,3.4583333333333335
2023-05-11,17.841666666666665,25.4,9.6,0.0,0.0,0.0,10.0375,19.712500000000002,12.166666666666666
2023-05-12,21.091666666666665,29.5,13.0,0.0,0.0,0.0,8.579166666666667,17.2,65.0
2023-05-13,21.9875,27.4,17.6,0.0,0.0,0.0,11.216666666666667,20.979166666666668,93.20833333333333
2023-05-14,17.595833333333335,22.9,12.6,0.0,0.0,0.0,14.441666666666668,27.254166666666666,71.5
2023-05-15,17.491666666666667,25.4,9.7,0.0,0.0,0.0,13.629166666666668,25.241666666666664,5.916666666666667
2023-05-16,20.295833333333334,27.8,12.8,0.0,0.0,0.0,16.470833333333335,29.84166666666667,53.291666666666664
2023-05-17,15.112499999999999,18.8,10.6,0.0,0.0,0.0,20.329166666666666,36.949999999999996,23.291666666666668
2023-05-18,11.1,14.2,6.8,0.0,0.0,0.0,13.6875,27.075,0.0
2023-05-19,14.866666666666667,19.5,10.5,0.0,0.0,0.0,17.483333333333334,32.016666666666666,70.08333333333333
2023-05-20,15.8125,17.6,13.6,26.9,26.9,0.0,10.229166666666666,20.025000000000002,99.95833333333333
2023-05-21,17.287499999999998,21.9,13.0,0.6,0.6,0.0,16.7,29.558333333333334,71.04166666666667
2023-05-22,16.8625,23.0,12.3,0.2,0.2,0.0,11.341666666666667,22.479166666666668,14.125
2023-05-23,14.529166666666667,19.5,11.1,0.0,0.0,0.0,10.658333333333333,21.46666666666667,46.083333333333336
2023-05-24,15.604166666666666,21.9,9.9,0.7,0.7,0.0,10.766666666666666,21.920833333333334,32.875
2023-05-25,14.700000000000001,19.2,10.1,0.0,0.0,0.0,18.854166666666668,34.68333333333333,29.75
2023-05-26,16.14166666666667,22.2,10.1,0.0,0.0,0.0,9.908333333333333,19.75,1.125
2023-05-27,17.166666666666668,24.4,9.9,0.0,0.0,0.0,10.2875,20.183333333333334,43.5
2023-05-28,17.712500000000002,23.6,11.6,0.0,0.0,0.0,11.112499999999999,21.145833333333332,31.541666666666668
2023-05-29,18.520833333333332,24.7,13.8,0.0,0.0,0.0,15.1,28.229166666666668,15.625
2023-05-30,15.641666666666666,20.4,11.8,0.0,0.0,0.0,12.366666666666667,24.945833333333336,0.16666666666666666
2023-05-31,16.104166666666668,22.6,10.8,0.0,0.0,0.0,8.108333333333333,17.708333333333332,5.416666666666667
2023-06-01,19.516666666666666,27.4,12.3,0.0,0.0,0.0,7.075,16.05,19.583333333333332
2023-06-02,22.349999999999998,30.8,15.1,0.0,0.0,0.0,8.204166666666667,16.962500000000002,24.5
2023-06-03,18.370833333333334,20.1,14.1,3.5,3.5,0.0,17.8875,32.68333333333333,94.54166666666667
2023-06-04,15.5375,21.5,10.4,0.1,0.1,0.0,14.554166666666667,28.616666666666664,50.625
2023-06-05,17.829166666666666,24.0,11.6,0.0,0.0,0.0,11.870833333333332,22.21666666666667,54.541666666666664
2023-06-06,19.554166666666667,25.8,14.6,0.2,0.2,0.0,16.120833333333334,31.675,39.375
2023-06-07,18.837500000000002,25.1,13.2,0.0,0.0,0.0,15.0375,28.504166666666666,8.583333333333334
2023-06-08,16.804166666666667,22.4,10.7,0.0,0.0,0.0,8.691666666666666,18.754166666666666,21.791666666666668
2023-06-09,16.908333333333335,22.9,11.7,0.8999999999999999,0.8999999999999999,0.0,8.737499999999999,19.766666666666666,50.375
2023-06-10,19.087500000000002,26.4,12.3,0.2,0.2,0.0,11.204166666666666,22.80416666666667,35.541666666666664
2023-06-11,21.258333333333333,27.1,16.4,0.0,0.0,0.0,10.9375,20.816666666666666,84.33333333333333
2023-06-12,20.966666666666665,24.0,19.2,8.5,8.5,0.0,17.183333333333334,31.0125,99.41666666666667
2023-06-13,21.0,26.4,16.1,0.0,0.0,0.0,15.325000000000001,28.675,39.958333333333336
2023-06-14,18.4875,24.7,14.9,9.5,9.5,0.0,13.820833333333333,26.495833333333334,55.75
2023-06-15,20.441666666666666,26.2,15.0,0.0,0.0,0.0,15.629166666666668,28.4875,32.958333333333336
2023-06-16,19.224999999999998,25.9,15.1,10.8,10.8,0.0,8.779166666666667,18.095833333333335,63.875
2023-06-17,20.020833333333332,25.5,14.8,0.1,0.1,0.0,16.795833333333334,31.3625,24.541666666666668
2023-06-18,21.445833333333336,26.5,15.8,0.0,0.0,0.0,13.958333333333334,24.9375,45.875
2023-06-19,20.504166666666666,25.2,16.3,1.4000000000000001,1.4000000000000001,0.0,11.487499999999999,22.745833333333334,40.083333333333336
2023-06-20,19.516666666666666,23.5,16.5,0.0,0.0,0.0,12.737499999999999,24.325,99.04166666666667
2023-06-21,18.791666666666668,22.9,15.5,0.3,0.3,0.0,17.983333333333334,32.37083333333333,99.66666666666667
2023-06-22,18.166666666666668,21.0,15.4,0.30000000000000004,0.30000000000000004,0.0,17.383333333333333,31.75,99.83333333333333
2023-06-23,19.841666666666665,22.9,17.0,12.4,12.4,0.0,12.745833333333332,24.650000000000002,93.45833333333333
2023-06-24,21.633333333333336,25.7,19.2,21.2,21.2,0.0,10.525,21.229166666666668,95.125
2023-06-25,23.0,28.5,18.6,1.9,1.9,0.0,8.1,17.708333333333332,52.75
2023-06-26,21.775000000000002,25.5,19.1,4.6000000000000005,4.6000000000000005,0.0,11.950000000000001,23.983333333333334,99.70833333333333
2023-06-27,21.745833333333334,26.4,19.4,18.7,18.7,0.0,9.416666666666666,21.216666666666665,93.41666666666667
2023-06-28,22.866666666666664,28.6,18.9,2.1,2.1,0.0,7.1125,15.516666666666666,76.45833333333333
2023-06-29,22.358333333333334,28.6,16.2,0.0,0.0,0.0,9.766666666666667,19.429166666666667,25.375
2023-06-30,23.037499999999998,29.2,17.1,0.0,0.0,0.0,8.929166666666667,17.849999999999998,53.291666666666664
2023-07-01,22.53333333333333,26.9,17.7,0.0,0.0,0.0,12.854166666666666,23.84166666666667,63.541666666666664
2023-07-02,24.47083333333333,31.2,20.4,16.1,16.1,0.0,12.641666666666666,25.620833333333334,89.875
2023-07-03,25.5625,31.1,22.4,17.8,17.8,0.0,10.275,21.879166666666666,41.333333333333336
2023-07-04,24.7,29.4,21.3,5.4,5.4,0.0,6.3500000000000005,15.15,54.583333333333336
2023-07-05,26.308333333333334,32.3,21.0,0.0,0.0,0.0,5.2749999999999995,13.112499999999999,21.458333333333332
2023-07-06,26.0125,31.3,21.5,0.0,0.0,0.0,11.254166666666668,21.029166666666665,1.875
2023-07-07,25.22083333333333,29.7,21.9,0.6000000000000001,0.6000000000000001,0.0,8.704166666666667,18.558333333333334,79.04166666666667
2023-07-08,25.454166666666666,29.6,22.5,4.4,4.4,0.0,7.079166666666667,16.425,88.33333333333333
2023-07-09,23.241666666666664,27.0,21.5,18.5,18.5,0.0,8.15,16.870833333333334,99.125
2023-07-10,24.291666666666668,28.7,21.3,1.3,1.3,0.0,9.895833333333334,19.158333333333335,77.08333333333333
2023-07-11,24.8,31.8,17.1,0.0,0.0,0.0,7.5375000000000005,14.779166666666667,3.0833333333333335
2023-07-12,26.708333333333332,33.0,19.6,0.0,0.0,0.0,8.325000000000001,16.454166666666666,23.625
2023-07-13,26.941666666666666,31.9,21.3,0.2,0.2,0.0,12.545833333333334,22.9375,59.25
2023-07-14,24.445833333333336,28.2,21.4,36.6,36.6,0.0,8.941666666666666,20.308333333333334,90.375
2023-07-15,24.754166666666666,29.5,20.5,8.0,8.0,0.0,7.779166666666666,18.962500000000002,74.66666666666667
2023-07-16,24.0,26.0,21.9,41.4,41.4,0.0,10.975,23.491666666666664,92.41666666666667
2023-07-17,25.558333333333334,31.8,20.0,0.1,0.1,0.0,8.904166666666667,17.7,29.583333333333332
2023-07-18,24.954166666666666,29.6,21.4,8.3,8.3,0.0,9.191666666666666,18.283333333333335,42.666666666666664
2023-07-19,22.983333333333334,27.5,18.8,3.8,3.8,0.0,6.541666666666667,14.920833333333334,55.083333333333336
2023-07-20,24.141666666666666,28.5,20.0,0.5,0.5,0.0,8.116666666666667,16.599999999999998,52.291666666666664
2023-07-21,24.34166666666667,29.5,21.9,3.5,3.5,0.0,10.2125,21.216666666666665,48.5
2023-07-22,23.570833333333336,28.5,18.5,0.0,0.0,0.0,11.025,20.520833333333332,40.5
2023-07-23,23.912499999999998,30.1,17.4,0.5,0.5,0.0,7.995833333333334,16.679166666666667,15.458333333333334
2023-07-24,24.291666666666668,28.8,18.6,1.9000000000000001,1.9000000000000001,0.0,12.145833333333334,23.391666666666666,49.416666666666664
2023-07-25,23.208333333333332,28.7,19.2,9.0,9.0,0.0,7.104166666666667,15.754166666666668,43.125
2023-07-26,23.916666666666668,30.1,17.1,0.4,0.4,0.0,10.854166666666666,19.8125,27.208333333333332
2023-07-27,27.233333333333334,33.9,22.3,0.7,0.7,0.0,16.3875,30.916666666666668,71.83333333333333
2023-07-28,27.645833333333332,34.2,21.4,0.0,0.0,0.0,9.2375,17.016666666666666,17.541666666666668
2023-07-29,27.854166666666668,33.9,23.4,4.3,4.3,0.0,16.3375,30.02916666666667,68.79166666666667
2023-07-30,22.02916666666667,26.3,17.7,0.0,0.0,0.0,14.475,26.662499999999998,29.166666666666668
2023-07-31,22.704166666666666,29.5,15.6,0.0,0.0,0.0,8.0,16.470833333333335,23.083333333333332
2023-08-01,21.974999999999998,27.0,17.0,0.0,0.0,0.0,11.808333333333332,22.133333333333336,16.75
2023-08-02,20.945833333333333,27.8,14.6,0.0,0.0,0.0,8.866666666666665,17.879166666666666,32.583333333333336
2023-08-03,21.566666666666666,26.4,15.6,0.8999999999999999,0.8999999999999999,0.0,15.391666666666666,27.900000000000002,49.833333333333336
2023-08-04,23.108333333333334,27.5,18.5,0.9,0.9,0.0,13.7875,25.829166666666666,58.75
2023-08-05,24.479166666666668,30.8,18.3,0.2,0.2,0.0,7.495833333333334,15.741666666666667,59.333333333333336
2023-08-06,24.183333333333334,29.9,18.1,0.0,0.0,0.0,10.950000000000001,21.579166666666666,36.0
2023-08-07,24.183333333333334,27.8,22.0,37.9,37.9,0.0,17.820833333333333,33.1625,84.33333333333333
2023-08-08,23.883333333333336,27.1,21.6,15.2,15.2,0.0,18.099999999999998,32.99166666666667,60.583333333333336
2023-08-09,24.395833333333332,29.5,19.8,0.1,0.1,0.0,18.329166666666666,32.1,10.875
2023-08-10,21.991666666666664,25.5,18.8,11.9,11.9,0.0,8.237499999999999,16.525000000000002,76.95833333333333
2023-08-11,23.375,29.2,18.1,0.1,0.1,0.0,12.266666666666666,22.15416666666667,19.958333333333332
2023-08-12,22.7625,28.1,17.1,8.6,8.6,0.0,10.070833333333333,19.9875,65.875
2023-08-13,25.358333333333334,30.7,21.5,2.9,2.9,0.0,10.625,20.358333333333334,42.791666666666664
2023-08-14,24.554166666666664,30.9,18.8,1.3,1.3,0.0,9.174999999999999,17.7375,80.875
2023-08-15,23.991666666666664,27.0,21.2,20.3,20.3,0.0,11.454166666666666,22.90833333333333,87.625
2023-08-16,22.962500000000002,26.6,20.8,4.0,4.0,0.0,7.804166666666667,18.370833333333334,77.29166666666667
2023-08-17,22.920833333333334,25.7,20.4,5.9,5.9,0.0,11.329166666666666,21.925,71.75
2023-08-18,23.754166666666666,27.0,19.6,3.1,3.1,0.0,15.950000000000001,28.95,37.333333333333336
2023-08-19,20.708333333333332,26.4,15.4,0.0,0.0,0.0,14.083333333333334,25.495833333333334,20.458333333333332
2023-08-20,22.675,29.9,15.2,0.0,0.0,0.0,8.4125,15.825000000000001,22.625
2023-08-21,25.02916666666667,31.1,18.5,0.1,0.1,0.0,9.116666666666667,16.670833333333334,78.75
2023-08-22,22.1875,26.1,18.0,0.0,0.0,0.0,16.929166666666667,30.391666666666666,83.08333333333333
2023-08-23,20.408333333333335,25.5,16.0,0.0,0.0,0.0,8.704166666666667,17.7625,34.625
2023-08-24,21.34583333333333,24.5,19.5,2.2,2.2,0.0,12.266666666666666,22.391666666666666,93.5
2023-08-25,23.46666666666667,28.0,20.5,11.100000000000001,11.100000000000001,0.0,12.533333333333333,23.745833333333334,80.70833333333333
2023-08-26,24.695833333333336,30.2,19.9,0.4,0.4,0.0,7.191666666666666,14.700000000000001,43.25
2023-08-27,23.179166666666664,28.4,18.5,0.5,0.5,0.0,10.104166666666666,20.1125,17.833333333333332
2023-08-28,21.633333333333336,25.0,18.9,1.1,1.1,0.0,10.487499999999999,19.912499999999998,94.45833333333333
2023-08-29,22.59166666666667,27.6,17.8,1.6,1.6,0.0,8.095833333333333,16.270833333333332,93.70833333333333
2023-08-30,24.400000000000002,29.6,21.0,0.7,0.7,0.0,12.329166666666666,22.3,74.54166666666667
2023-08-31,20.5625,25.1,17.1,0.0,0.0,0.0,17.558333333333334,31.525000000000002,43.625
2023-09-01,18.8875,24.5,13.7,0.0,0.0,0.0,10.566666666666666,20.608333333333334,0.0
2023-09-02,19.73333333333333,27.0,12.9,0.0,0.0,0.0,11.154166666666667,21.383333333333336,41.625
2023-09-03,25.241666666666664,32.3,18.0,0.30000000000000004,0.30000000000000004,0.0,9.970833333333333,18.841666666666665,29.541666666666668
2023-09-04,26.95,33.8,19.9,1.2,1.2,0.0,9.866666666666667,18.625,51.291666666666664
2023-09-05,28.125,35.3,22.1,0.0,0.0,0.0,8.425,16.908333333333335,73.58333333333333
2023-09-06,28.912499999999998,35.9,23.0,0.0,0.0,0.0,6.741666666666667,13.75,6.583333333333333
2023-09-07,27.704166666666666,35.2,21.5,3.8,3.8,0.0,8.804166666666667,18.133333333333333,47.875
2023-09-08,25.145833333333332,31.7,20.4,14.3,14.3,0.0,8.108333333333333,20.25,90.625
2023-09-09,23.75,29.2,20.8,8.5,8.5,0.0,6.925,16.541666666666668,95.70833333333333
2023-09-10,21.933333333333334,24.5,19.6,16.5,16.5,0.0,5.929166666666667,13.25,90.83333333333333
2023-09-11,22.849999999999998,27.6,19.9,4.4,4.4,0.0,5.191666666666666,13.341666666666667,69.20833333333333
2023-09-12,23.0625,29.0,19.1,0.2,0.2,0.0,7.954166666666667,15.733333333333333,53.875
2023-09-13,22.304166666666664,26.6,19.8,17.1,17.1,0.0,7.120833333333334,15.658333333333333,78.45833333333333
2023-09-14,20.316666666666666,25.0,17.0,0.0,0.0,0.0,14.049999999999999,24.808333333333334,12.666666666666666
2023-09-15,17.287499999999998,21.5,13.6,0.0,0.0,0.0,19.849999999999998,34.28333333333333,63.625
2023-09-16,19.0125,24.5,15.2,0.0,0.0,0.0,16.766666666666666,29.7,76.5
2023-09-17,18.370833333333334,24.2,11.8,0.5,0.5,0.0,7.466666666666666,15.041666666666666,49.375
2023-09-18,18.912499999999998,21.5,16.6,13.9,13.9,0.0,9.458333333333334,17.504166666666666,84.625
2023-09-19,17.916666666666668,23.5,13.4,0.0,0.0,0.0,14.475,26.229166666666668,2.0833333333333335
2023-09-20,17.25,23.5,11.7,0.0,0.0,0.0,9.1625,16.195833333333333,27.791666666666668
2023-09-21,16.816666666666666,22.8,11.6,0.0,0.0,0.0,8.854166666666666,17.270833333333332,34.833333333333336
2023-09-22,17.220833333333335,22.4,13.0,0.0,0.0,0.0,13.924999999999999,24.84166666666667,99.75
2023-09-23,15.116666666666667,16.1,13.6,42.3,42.3,0.0,25.370833333333334,43.012499999999996,100.0
2023-09-24,17.233333333333334,19.8,16.0,17.3,17.3,0.0,26.675,46.25833333333333,100.0
2023-09-25,16.116666666666667,17.3,14.4,17.5,17.5,0.0,22.179166666666664,37.55416666666667,100.0
2023-09-26,15.220833333333333,17.0,13.4,8.5,8.5,0.0,19.279166666666665,33.3125,85.875
2023-09-27,13.695833333333333,17.8,9.4,0.0,0.0,0.0,13.9375,24.433333333333334,35.541666666666664
2023-09-28,14.316666666666668,18.8,10.7,0.1,0.1,0.0,12.887500000000001,22.741666666666664,80.375
2023-09-29,15.15,17.1,13.2,69.9,69.9,0.0,19.879166666666666,33.88333333333333,98.41666666666667
2023-09-30,16.349999999999998,21.7,13.0,1.0,1.0,0.0,14.816666666666668,26.520833333333332,75.375
2023-10-01,18.95,25.0,14.1,0.0,0.0,0.0,13.583333333333334,23.849999999999998,0.041666666666666664
2023-10-02,19.816666666666666,25.4,15.8,0.0,0.0,0.0,11.145833333333334,20.179166666666667,23.375
2023-10-03,19.25,27.4,13.1,0.0,0.0,0.0,5.0249999999999995,10.700000000000001,37.666666666666664
2023-10-04,20.070833333333333,27.8,14.9,0.0,0.0,0.0,6.9875,13.108333333333334,14.041666666666666
2023-10-05,17.912499999999998,24.0,13.1,0.0,0.0,0.0,9.120833333333334,17.258333333333333,46.125
2023-10-06,19.833333333333332,22.5,17.5,2.6,2.6,0.0,10.979166666666666,21.020833333333332,99.83333333333333
2023-10-07,17.095833333333335,20.6,11.8,60.4,60.4,0.0,14.029166666666667,26.566666666666666,77.875
2023-10-08,12.866666666666667,16.9,9.4,0.0,0.0,0.0,19.166666666666668,33.36666666666667,35.75
2023-10-09,11.508333333333333,15.6,7.3,0.1,0.1,0.0,13.125,23.366666666666664,32.166666666666664
2023-10-10,13.345833333333333,18.0,7.8,0.0,0.0,0.0,9.479166666666666,17.479166666666668,68.70833333333333
2023-10-11,14.016666666666666,20.7,8.1,0.0,0.0,0.0,7.404166666666666,13.616666666666667,19.666666666666668
2023-10-12,13.799999999999999,21.0,7.2,0.0,0.0,0.0,7.05,12.745833333333335,15.708333333333334
2023-10-13,12.825000000000001,17.6,8.8,0.0,0.0,0.0,10.595833333333333,19.491666666666667,21.583333333333332
2023-10-14,10.512500000000001,11.9,9.4,15.100000000000001,15.100000000000001,0.0,9.891666666666667,17.008333333333333,95.125
2023-10-15,12.112499999999999,16.6,9.5,1.2,1.2,0.0,19.383333333333333,34.270833333333336,57.75
2023-10-16,11.625,17.7,7.1,0.2,0.2,0.0,11.666666666666666,21.90416666666667,23.958333333333332
2023-10-17,12.183333333333332,16.9,8.2,0.6000000000000001,0.6000000000000001,0.0,9.004166666666666,16.516666666666666,45.083333333333336
2023-10-18,12.158333333333333,17.2,6.8,0.30000000000000004,0.30000000000000004,0.0,5.633333333333333,11.245833333333332,57.833333333333336
2023-10-19,12.716666666666667,18.0,7.2,0.0,0.0,0.0,10.929166666666667,19.0,53.291666666666664
2023-10-20,15.254166666666668,17.3,12.8,27.2,27.2,0.0,14.558333333333332,29.641666666666666,98.375
2023-10-21,14.566666666666668,17.8,12.8,5.9,5.9,0.0,15.716666666666667,26.870833333333334,75.875
2023-10-22,11.483333333333334,13.9,9.1,0.0,0.0,0.0,21.45,36.949999999999996,55.666666666666664
2023-10-23,10.583333333333334,16.1,7.4,0.0,0.0,0.0,14.333333333333334,25.641666666666666,16.25
2023-10-24,10.612499999999999,17.8,4.3,0.0,0.0,0.0,7.4875,13.995833333333332,17.541666666666668
2023-10-25,14.291666666666666,22.0,7.8,0.0,0.0,0.0,10.904166666666667,19.254166666666666,39.291666666666664
2023-10-26,17.045833333333334,26.0,9.4,0.0,0.0,0.0,9.375,16.375,42.125
2023-10-27,17.5,24.6,12.4,0.0,0.0,0.0,10.129166666666666,17.654166666666665,56.125
2023-10-28,20.599999999999998,27.0,16.3,0.0,0.0,0.0,13.129166666666668,22.704166666666666,21.541666666666668
2023-10-29,12.758333333333333,16.2,10.6,6.9,6.9,0.0,14.5375,26.504166666666666,99.25
2023-10-30,13.862499999999999,19.1,10.4,2.0,2.0,0.0,12.629166666666668,22.6375,98.16666666666667
2023-10-31,9.166666666666666,10.6,6.7,0.2,0.2,0.0,9.329166666666667,18.8,92.29166666666667
2023-11-01,6.729166666666667,9.8,3.5,3.5,3.5,0.0,13.433333333333332,25.054166666666664,56.583333333333336
2023-11-02,4.370833333333334,9.7,-0.2,0.0,0.0,0.0,8.829166666666667,16.291666666666668,4.958333333333333
2023-11-03,6.5249999999999995,13.1,0.3,0.0,0.0,0.0,10.841666666666667,19.216666666666665,6.041666666666667
2023-11-04,8.620833333333334,15.0,3.7,0.0,0.0,0.0,7.9624999999999995,14.358333333333334,90.41666666666667
2023-11-05,10.3875,17.0,4.5,0.0,0.0,0.0,8.125,14.458333333333334,49.041666666666664
2023-11-06,8.049999999999999,12.1,4.0,0.1,0.1,0.0,8.9625,17.087500000000002,54.75
2023-11-07,13.991666666666667,20.3,10.6,5.699999999999999,5.699999999999999,0.0,13.916666666666666,24.1375,64.79166666666667
2023-11-08,7.4750000000000005,10.9,4.5,0.0,0.0,0.0,12.954166666666666,23.770833333333332,43.208333333333336
2023-11-09,9.195833333333333,15.3,2.8,0.39999999999999997,0.39999999999999997,0.0,7.970833333333334,14.291666666666666,43.916666666666664
2023-11-10,8.179166666666667,10.8,5.7,0.30000000000000004,0.30000000000000004,0.0,11.554166666666667,19.058333333333334,70.25
2023-11-11,7.270833333333333,12.2,4.0,0.0,0.0,0.0,12.5625,22.516666666666666,16.333333333333332
2023-11-12,2.9499999999999997,7.2,-0.2,0.0,0.0,0.0,9.695833333333333,17.195833333333333,23.291666666666668
2023-11-13,3.1625,8.9,-2.1,0.0,0.0,0.0,7.641666666666667,14.4125,21.083333333333332
2023-11-14,6.1125,11.2,1.9,0.0,0.0,0.0,15.104166666666666,26.525000000000002,17.75
2023-11-15,4.966666666666667,10.9,-1.1,0.0,0.0,0.0,8.945833333333333,16.037499999999998,54.625
2023-11-16,8.808333333333334,17.9,1.9,0.0,0.0,0.0,8.608333333333333,14.887500000000001,15.458333333333334
2023-11-17,11.575000000000001,19.5,4.3,0.0,0.0,0.0,12.229166666666666,20.412499999999998,67.83333333333333
2023-11-18,10.041666666666666,13.2,3.5,1.2000000000000002,1.2000000000000002,0.0,16.266666666666666,28.270833333333332,45.958333333333336
2023-11-19,6.058333333333334,12.4,1.1,0.0,0.0,0.0,12.054166666666667,20.908333333333335,3.0416666666666665
2023-11-20,3.1875,7.2,-0.9,0.0,0.0,0.0,10.983333333333334,20.3875,35.125
2023-11-21,3.8666666666666667,8.4,-1.2,7.9,7.9,0.0,17.991666666666667,31.075,84.79166666666667
2023-11-22,11.191666666666668,14.4,8.2,24.7,24.7,0.0,18.875,35.11666666666667,71.5
2023-11-23,8.045833333333333,11.2,5.2,0.0,0.0,0.0,15.387500000000001,26.945833333333336,20.083333333333332
2023-11-24,5.229166666666667,9.9,0.1,0.0,0.0,0.0,14.083333333333334,24.175,34.666666666666664
2023-11-25,0.4791666666666667,4.2,-3.0,0.0,0.0,0.0,6.616666666666667,13.770833333333334,45.0
2023-11-26,4.283333333333333,10.6,-2.5,5.5,5.5,0.0,13.737499999999999,23.645833333333332,92.83333333333333
2023-11-27,7.458333333333333,12.8,2.8,4.4,4.4,0.0,19.083333333333332,34.59166666666667,33.0
2023-11-28,0.8875000000000001,4.0,-1.8,0.1,0.0,0.07,20.504166666666666,35.550000000000004,7.666666666666667
2023-11-29,-1.2125,2.6,-4.3,0.0,0.0,0.0,14.204166666666666,25.59166666666667,36.791666666666664
2023-11-30,3.0083333333333333,9.6,-2.6,0.0,0.0,0.0,12.012500000000001,21.041666666666668,32.166666666666664
2023-12-01,4.983333333333333,7.8,-0.2,5.3,5.3,0.0,8.6625,14.916666666666666,84.25
2023-12-02,8.833333333333334,16.2,4.4,0.1,0.1,0.0,8.341666666666667,14.170833333333334,97.54166666666667
2023-12-03,8.554166666666667,10.1,5.8,16.2,16.2,0.0,11.1,19.670833333333334,100.0
2023-12-04,7.325,10.9,4.8,0.0,0.0,0.0,14.9,25.34166666666667,57.916666666666664
2023-12-05,3.8666666666666667,6.7,1.5,0.0,0.0,0.0,10.6625,19.0625,60.375
2023-12-06,1.5374999999999999,5.1,-2.2,0.1,0.1,0.0,11.854166666666666,20.654166666666665,45.833333333333336
2023-12-07,0.25,3.5,-3.3,0.0,0.0,0.0,10.950000000000001,19.625,72.20833333333333
2023-12-08,2.9916666666666667,9.1,-2.0,0.0,0.0,0.0,7.270833333333333,12.950000000000001,36.041666666666664
2023-12-09,6.708333333333333,13.5,1.1,0.0,0.0,0.0,7.6000000000000005,13.041666666666666,58.166666666666664
2023-12-10,11.783333333333333,17.0,5.1,28.1,28.1,0.0,14.9125,25.712500000000002,82.04166666666667
2023-12-11,5.9375,14.1,2.7,26.9,26.9,0.0,22.90833333333333,41.145833333333336,59.041666666666664
2023-12-12,2.158333333333333,6.2,-2.2,0.0,0.0,0.0,13.141666666666666,23.229166666666668,6.166666666666667
2023-12-13,3.0208333333333335,7.5,0.1,0.0,0.0,0.0,13.299999999999999,23.34583333333333,1.8333333333333333
2023-12-14,0.5083333333333333,4.7,-3.2,0.0,0.0,0.0,10.445833333333333,18.791666666666668,19.541666666666668
2023-12-15,4.4624999999999995,12.5,-0.6,0.0,0.0,0.0,12.545833333333334,21.308333333333334,17.958333333333332
2023-12-16,6.066666666666666,11.6,3.0,0.0,0.0,0.0,9.883333333333333,16.766666666666666,41.791666666666664
2023-12-17,9.504166666666666,13.1,5.2,16.8,16.8,0.0,14.35,25.691666666666666,100.0
2023-12-18,11.583333333333334,15.6,5.8,78.9,78.9,0.0,27.629166666666666,51.28333333333333,73.83333333333333
2023-12-19,2.9499999999999997,6.2,-0.9,0.0,0.0,0.0,17.554166666666667,30.425,28.208333333333332
2023-12-20,1.2875,7.6,-3.7,0.0,0.0,0.0,11.391666666666666,20.474999999999998,3.4583333333333335
2023-12-21,0.9041666666666667,4.4,-2.7,0.0,0.0,0.0,14.979166666666666,25.854166666666668,6.125
2023-12-22,-2.091666666666667,2.7,-5.6,0.0,0.0,0.0,7.3125,14.770833333333334,61.083333333333336
2023-12-23,0.6541666666666667,6.0,-3.3,0.5,0.5,0.0,5.716666666666666,10.654166666666667,83.58333333333333
2023-12-24,4.308333333333334,8.8,1.1,0.0,0.0,0.0,5.016666666666667,9.495833333333334,86.91666666666667
2023-12-25,5.895833333333333,11.6,1.3,0.0,0.0,0.0,6.391666666666667,11.579166666666666,85.58333333333333
2023-12-26,4.8500000000000005,7.7,3.0,0.0,0.0,0.0,5.2875,11.6,99.75
2023-12-27,6.8875,9.1,5.3,5.2,5.2,0.0,8.1625,14.637500000000001,100.0
2023-12-28,9.929166666666667,11.7,8.6,40.1,40.1,0.0,15.237499999999999,27.6125,100.0
2023-12-29,9.545833333333333,13.4,7.2,0.4,0.4,0.0,8.970833333333333,15.612499999999999,75.83333333333333
2023-12-30,5.3500000000000005,8.0,1.3,0.1,0.1,0.0,14.504166666666668,25.570833333333336,75.58333333333333
2023-12-31,2.8041666666666667,6.5,-2.0,0.0,0.0,0.0,9.508333333333333,16.320833333333333,61.375
2024-01-01,3.529166666666667,7.7,0.2,0.0,0.0,0.0,8.012500000000001,14.495833333333332,71.125
2024-01-02,0.004166666666666707,5.7,-4.6,0.0,0.0,0.0,9.570833333333333,17.2625,0.0
2024-01-03,1.4625000000000001,7.7,-2.3,0.0,0.0,0.0,9.395833333333334,17.095833333333335,50.666666666666664
2024-01-04,1.9708333333333332,6.8,-2.1,0.0,0.0,0.0,14.216666666666667,24.545833333333334,59.416666666666664
2024-01-05,-1.7750000000000001,3.1,-5.3,0.0,0.0,0.0,12.266666666666666,22.575,20.416666666666668
2024-01-06,-1.0708333333333333,2.8,-5.2,11.0,3.4,5.32,12.25,20.791666666666668,92.45833333333333
2024-01-07,1.5250000000000001,2.5,-0.2,7.3,5.9,0.98,17.162499999999998,30.333333333333332,89.625
2024-01-08,1.4666666666666666,6.3,-3.2,0.0,0.0,0.0,11.941666666666668,21.84583333333333,12.041666666666666
2024-01-09,3.204166666666667,12.6,-4.6,31.5,31.5,0.0,20.245833333333334,33.61666666666667,92.45833333333333
2024-01-10,9.225,13.8,5.2,28.200000000000003,28.200000000000003,0.0,28.195833333333336,51.824999999999996,65.75
2024-01-11,4.508333333333334,8.1,0.1,0.0,0.0,0.0,14.5625,26.2625,32.416666666666664
2024-01-12,3.983333333333333,8.1,-2.0,0.8,0.8,0.0,12.25,21.883333333333336,64.29166666666667
2024-01-13,9.108333333333333,14.6,1.8,22.9,22.9,0.0,27.6125,49.525,59.375
2024-01-14,0.16666666666666666,6.3,-3.8,0.5,0.1,0.28,23.1875,41.483333333333334,22.458333333333332
2024-01-15,-3.4416666666666664,-0.8,-5.8,0.8,0.0,0.56,9.008333333333333,17.900000000000002,71.25
2024-01-16,-2.7916666666666665,-0.9,-5.7,9.5,4.2,3.71,13.691666666666668,24.599999999999998,91.58333333333333
2024-01-17,-6.491666666666667,-4.2,-8.9,0.0,0.0,0.0,18.583333333333332,32.4,0.0
2024-01-18,-3.4625,0.4,-6.8,0.30000000000000004,0.0,0.28,11.679166666666667,21.008333333333333,86.25
2024-01-19,-2.4583333333333335,-0.9,-4.6,2.7,0.0,1.8900000000000001,10.358333333333333,18.216666666666665,99.95833333333333
2024-01-20,-6.104166666666667,-3.3,-8.1,0.0,0.0,0.0,20.712500000000002,35.25,50.083333333333336
2024-01-21,-4.9750000000000005,-1.1,-7.5,0.0,0.0,0.0,19.695833333333333,33.94583333333333,11.583333333333334
2024-01-22,-2.475,3.6,-6.9,0.0,0.0,0.0,12.004166666666668,21.0,47.5
2024-01-23,1.0416666666666667,4.6,-1.6,1.7,1.7,0.0,9.225,16.041666666666668,92.625
2024-01-24,2.8375,5.6,0.1,3.2,3.2,0.0,6.291666666666667,9.454166666666667,99.79166666666667
2024-01-25,8.8375,11.4,5.2,5.6,5.6,0.0,10.379166666666666,17.895833333333332,100.0
2024-01-26,6.175,8.3,3.2,4.6,4.6,0.0,9.762500000000001,18.108333333333334,93.91666666666667
2024-01-27,5.354166666666667,8.6,2.8,0.0,0.0,0.0,8.358333333333333,15.375,95.29166666666667
2024-01-28,3.3666666666666667,4.2,2.5,21.3,21.3,0.0,17.1875,29.708333333333332,100.0
2024-01-29,2.9333333333333336,5.8,0.6,0.7000000000000001,0.7000000000000001,0.0,17.970833333333335,30.983333333333334,83.08333333333333
2024-01-30,0.4124999999999999,4.3,-4.0,0.0,0.0,0.0,9.770833333333334,18.05,56.208333333333336
2024-01-31,2.1666666666666665,4.4,-1.1,0.2,0.2,0.0,8.120833333333334,15.158333333333333,87.625
2024-02-01,2.254166666666667,9.0,-3.4,0.6000000000000001,0.6000000000000001,0.0,10.045833333333333,17.008333333333333,66.79166666666667
2024-02-02,3.775,6.0,2.0,6.3,6.3,0.0,11.966666666666667,20.287499999999998,76.58333333333333
2024-02-03,1.1458333333333333,6.0,-3.2,0.0,0.0,0.0,16.966666666666665,30.195833333333336,9.083333333333334
2024-02-04,0.9041666666666667,7.5,-3.8,0.0,0.0,0.0,11.254166666666668,20.10833333333333,1.25
2024-02-05,0.9,7.1,-3.2,0.0,0.0,0.0,16.479166666666668,28.120833333333334,0.75
2024-02-06,-0.2791666666666666,5.7,-4.9,0.0,0.0,0.0,13.862499999999999,24.875,0.0
2024-02-07,1.5583333333333333,8.1,-3.7,0.0,0.0,0.0,8.941666666666666,16.558333333333334,18.5
2024-02-08,2.129166666666667,10.0,-3.8,0.0,0.0,0.0,6.479166666666667,12.683333333333332,46.791666666666664
2024-02-09,5.2250000000000005,11.4,0.9,0.0,0.0,0.0,10.025,17.670833333333334,70.75
2024-02-10,8.279166666666667,15.9,1.8,0.1,0.1,0.0,10.541666666666666,17.65,99.375
2024-02-11,6.845833333333334,9.0,3.6,0.0,0.0,0.0,10.308333333333334,17.662499999999998,99.70833333333333
2024-02-12,3.9625,9.1,-1.8,0.1,0.1,0.0,7.0874999999999995,14.420833333333334,97.16666666666667
2024-02-13,0.9166666666666666,3.4,-1.2,27.7,0.4,19.11,16.995833333333334,29.1875,69.16666666666667
2024-02-14,-1.9208333333333334,0.3,-4.3,0.0,0.0,0.0,19.287499999999998,33.020833333333336,13.5
2024-02-15,-1.0,2.8,-5.4,0.2,0.0,0.14,13.762500000000001,25.537499999999998,39.375
2024-02-16,1.2916666666666667,5.1,-2.0,0.0,0.0,0.0,19.608333333333334,34.05833333333333,28.708333333333332
2024-02-17,-0.975,2.2,-4.6,5.9,0.1,4.0600000000000005,11.804166666666667,20.400000000000002,59.5
2024-02-18,-1.925,4.9,-6.3,0.0,0.0,0.0,16.4,28.233333333333334,0.9166666666666666
2024-02-19,-0.34166666666666673,4.1,-4.1,0.0,0.0,0.0,12.7875,22.929166666666664,0.2916666666666667
2024-02-20,-2.691666666666667,2.3,-6.4,0.0,0.0,0.0,9.1,17.604166666666668,4.5
2024-02-21,-1.1541666666666666,4.6,-5.6,0.0,0.0,0.0,9.666666666666666,16.9375,63.375
2024-02-22,1.0166666666666666,6.8,-5.1,0.30000000000000004,0.30000000000000004,0.0,10.3375,19.4875,70.41666666666667
2024-02-23,4.508333333333334,8.2,1.4,3.1,3.1,0.0,7.841666666666666,14.75,99.875
2024-02-24,2.275,5.6,-2.8,0.0,0.0,0.0,16.829166666666666,29.266666666666666,51.875
2024-02-25,-2.1999999999999997,4.1,-7.3,0.0,0.0,0.0,9.141666666666667,18.629166666666666,7.958333333333333
2024-02-26,3.35,11.4,-2.2,2.9,0.5,1.6800000000000002,10.566666666666666,19.508333333333333,68.79166666666667
2024-02-27,7.658333333333334,13.9,-0.1,3.8000000000000003,3.8000000000000003,0.0,14.254166666666668,24.462500000000002,78.70833333333333
2024-02-28,13.637500000000001,17.1,10.1,15.700000000000001,15.700000000000001,0.0,22.09583333333333,38.00833333333333,100.0
2024-02-29,1.0208333333333333,6.7,-2.8,0.1,0.1,0.0,20.875,37.81666666666667,27.5
2024-03-01,0.8000000000000002,5.9,-4.4,0.0,0.0,0.0,10.658333333333333,19.974999999999998,33.666666666666664
2024-03-02,6.625,10.1,1.8,28.1,28.1,0.0,11.633333333333333,19.770833333333332,100.0
2024-03-03,11.570833333333333,18.7,5.9,0.0,0.0,0.0,10.995833333333332,20.462500000000002,20.333333333333332
2024-03-04,8.195833333333333,14.4,3.7,0.0,0.0,0.0,11.904166666666667,21.962500000000002,52.625
2024-03-05,6.504166666666666,8.4,4.0,20.3,20.3,0.0,12.479166666666666,22.691666666666666,98.70833333333333
2024-03-06,7.145833333333333,9.8,3.7,33.2,33.2,0.0,9.695833333333335,18.8625,96.04166666666667
2024-03-07,9.691666666666666,12.6,5.8,3.5,3.5,0.0,21.366666666666664,36.77916666666667,90.58333333333333
2024-03-08,6.020833333333333,12.4,0.8,0.0,0.0,0.0,12.879166666666668,24.808333333333334,62.083333333333336
2024-03-09,5.2749999999999995,7.9,3.8,28.7,28.7,0.0,20.204166666666666,35.925000000000004,100.0
2024-03-10,7.254166666666666,10.9,2.2,20.900000000000002,20.900000000000002,0.0,21.283333333333335,39.50416666666667,76.83333333333333
2024-03-11,5.0375000000000005,10.1,1.0,0.0,0.0,0.0,30.28333333333333,52.67083333333333,30.125
2024-03-12,9.254166666666666,17.5,2.5,0.0,0.0,0.0,15.625,27.370833333333334,29.583333333333332
2024-03-13,8.729166666666666,15.4,2.5,0.0,0.0,0.0,8.975,16.670833333333334,48.041666666666664
2024-03-14,11.633333333333333,21.2,4.0,0.0,0.0,0.0,8.004166666666666,14.808333333333332,56.208333333333336
2024-03-15,14.9375,21.6,8.2,0.8,0.8,0.0,14.924999999999999,27.079166666666666,98.16666666666667
2024-03-16,9.325000000000001,14.4,4.8,0.1,0.1,0.0,10.504166666666666,20.329166666666666,34.875
2024-03-17,10.895833333333334,15.8,7.2,0.4,0.4,0.0,17.8875,31.7,59.166666666666664
2024-03-18,6.6875,9.2,2.4,0.0,0.0,0.0,16.020833333333332,28.6125,76.75
2024-03-19,3.579166666666667,7.5,0.2,0.5,0.30000000000000004,0.14,18.441666666666666,33.5875,64.29166666666667
2024-03-20,5.895833333333333,11.9,1.1,2.8,2.8,0.0,14.866666666666667,27.204166666666666,60.791666666666664
2024-03-21,0.7833333333333333,5.6,-3.7,0.0,0.0,0.0,19.64166666666667,35.5375,16.333333333333332
2024-03-22,0.8875000000000001,5.7,-5.2,0.0,0.0,0.0,10.429166666666667,21.270833333333332,31.458333333333332
2024-03-23,5.754166666666666,10.0,1.1,63.6,63.6,0.0,17.508333333333333,31.116666666666664,97.41666666666667
2024-03-24,2.6374999999999997,8.6,-2.4,0.0,0.0,0.0,19.2375,35.56666666666667,0.20833333333333334
2024-03-25,4.041666666666667,10.2,-1.5,0.0,0.0,0.0,15.220833333333333,27.379166666666666,0.0
2024-03-26,5.595833333333334,9.9,0.1,0.0,0.0,0.0,12.75,24.224999999999998,74.29166666666667
2024-03-27,7.45,10.9,4.8,0.6,0.6,0.0,5.079166666666667,11.983333333333334,99.875
2024-03-28,8.475,10.7,6.4,21.5,21.5,0.0,9.854166666666666,18.341666666666665,100.0
2024-03-29,7.433333333333334,12.6,4.0,0.4,0.4,0.0,25.825,44.67916666666667,46.208333333333336
2024-03-30,8.108333333333333,14.6,2.4,0.1,0.1,0.0,18.6375,34.079166666666666,73.0
2024-03-31,10.466666666666667,16.2,4.5,0.2,0.2,0.0,13.704166666666666,25.229166666666668,73.08333333333333
2024-04-01,8.4625,12.6,5.5,3.3,3.3,0.0,6.504166666666666,13.083333333333334,91.29166666666667
2024-04-02,7.3374999999999995,8.9,6.2,19.0,19.0,0.0,13.270833333333334,22.625,99.75
2024-04-03,5.754166666666666,6.9,4.4,25.599999999999998,25.599999999999998,0.0,27.858333333333334,47.87916666666666,100.0
2024-04-04,5.675,9.2,3.0,9.1,9.1,0.0,19.504166666666666,36.36666666666667,92.08333333333333
2024-04-05,5.433333333333334,9.6,1.6,0.0,0.0,0.0,18.645833333333332,32.920833333333334,53.25
2024-04-06,6.866666666666667,11.5,3.1,0.2,0.2,0.0,19.195833333333333,33.737500000000004,75.91666666666667
2024-04-07,7.133333333333333,14.3,1.5,0.1,0.1,0.0,14.529166666666667,25.72083333333333,35.125
2024-04-08,8.908333333333333,18.0,0.9,1.0,1.0,0.0,7.966666666666666,15.583333333333334,56.708333333333336
2024-04-09,14.133333333333333,24.0,4.9,0.0,0.0,0.0,8.891666666666667,17.454166666666666,80.54166666666667
2024-04-10,12.1875,15.9,8.2,0.6,0.6,0.0,10.145833333333334,19.154166666666665,92.375
2024-04-11,12.445833333333333,17.1,9.3,6.5,6.5,0.0,16.804166666666667,30.27916666666667,100.0
2024-04-12,15.5625,19.6,12.6,14.9,14.9,0.0,28.741666666666664,51.7125,65.20833333333333
2024-04-13,9.629166666666666,12.1,7.7,2.0,2.0,0.0,26.708333333333332,45.06666666666666,68.04166666666667
2024-04-14,14.191666666666668,22.2,5.9,0.9,0.9,0.0,18.633333333333333,32.5875,71.41666666666667
2024-04-15,18.183333333333334,24.8,10.4,0.0,0.0,0.0,14.020833333333334,25.974999999999998,29.208333333333332
2024-04-16,14.304166666666667,20.5,6.9,0.0,0.0,0.0,11.629166666666668,22.041666666666668,1.25
2024-04-17,10.666666666666666,15.6,7.4,3.0,3.0,0.0,13.3125,23.5,73.66666666666667
2024-04-18,8.575000000000001,9.4,5.6,6.2,6.2,0.0,18.125,32.516666666666666,88.5
2024-04-19,8.570833333333333,13.2,4.1,0.0,0.0,0.0,11.8375,22.96666666666667,78.91666666666667
2024-04-20,12.895833333333334,20.1,8.4,2.3,2.3,0.0,14.145833333333334,26.53333333333333,57.75
2024-04-21,7.6499999999999995,12.1,2.1,0.0,0.0,0.0,13.304166666666667,24.9375,76.16666666666667
2024-04-22,8.700000000000001,15.0,2.1,0.0,0.0,0.0,11.329166666666666,22.016666666666666,10.75
2024-04-23,9.266666666666667,14.8,2.2,0.0,0.0,0.0,15.391666666666666,27.554166666666664,22.75
2024-04-24,13.470833333333333,21.4,8.6,1.6,1.6,0.0,14.516666666666666,27.520833333333332,55.041666666666664
2024-04-25,7.666666666666667,12.3,3.2,0.0,0.0,0.0,13.470833333333333,26.65416666666667,34.458333333333336
2024-04-26,8.020833333333334,14.6,1.7,0.0,0.0,0.0,9.495833333333334,19.0,10.333333333333334
2024-04-27,9.058333333333334,14.5,3.0,0.3,0.3,0.0,13.395833333333334,24.816666666666666,92.95833333333333
2024-04-28,15.304166666666667,22.8,8.8,0.6000000000000001,0.6000000000000001,0.0,8.9375,19.020833333333332,94.625
2024-04-29,19.833333333333332,28.3,13.4,3.4000000000000004,3.4000000000000004,0.0,8.862499999999999,18.966666666666665,59.583333333333336
2024-04-30,15.454166666666666,22.9,11.2,2.2,2.2,0.0,11.575000000000001,23.075,98.5
2024-05-01,15.416666666666666,24.8,10.4,1.5,1.5,0.0,8.762500000000001,19.716666666666665,58.958333333333336
2024-05-02,18.354166666666668,27.8,10.2,0.0,0.0,0.0,11.816666666666668,23.629166666666666,47.166666666666664
2024-05-03,13.570833333333333,17.2,9.8,0.0,0.0,0.0,13.370833333333332,25.90416666666667,86.20833333333333
2024-05-04,11.5375,16.5,7.8,0.0,0.0,0.0,11.525,21.520833333333332,92.45833333333333
2024-05-05,10.625,12.1,9.1,8.6,8.6,0.0,16.412499999999998,29.541666666666668,99.70833333333333
2024-05-06,16.758333333333333,22.6,11.9,0.8,0.8,0.0,6.129166666666666,12.716666666666667,100.0
2024-05-07,19.120833333333334,26.1,12.2,0.0,0.0,0.0,9.575000000000001,19.416666666666668,42.041666666666664
2024-05-08,23.025000000000002,30.9,15.9,0.0,0.0,0.0,16.633333333333333,29.84583333333333,76.04166666666667
2024-05-09,17.483333333333334,21.0,14.3,0.0,0.0,0.0,10.741666666666667,20.641666666666666,99.25
2024-05-10,10.608333333333333,15.1,9.4,12.9,12.9,0.0,14.241666666666667,26.316666666666666,98.375
2024-05-11,11.387500000000001,16.5,6.5,0.0,0.0,0.0,11.8125,22.912499999999998,71.75
2024-05-12,10.549999999999999,13.4,8.6,7.6000000000000005,7.6000000000000005,0.0,9.404166666666667,18.095833333333335,80.125
2024-05-13,12.866666666666667,20.0,5.8,0.0,0.0,0.0,11.529166666666667,21.695833333333336,37.833333333333336
2024-05-14,16.304166666666667,22.5,9.4,3.1999999999999997,3.1999999999999997,0.0,12.370833333333332,23.141666666666666,88.20833333333333
2024-05-15,15.720833333333333,19.8,13.5,6.8,6.8,0.0,15.091666666666667,26.825,97.125
2024-05-16,16.508333333333333,19.0,14.9,4.8,4.8,0.0,23.616666666666664,40.425,91.04166666666667
2024-05-17,17.4375,22.6,12.1,0.0,0.0,0.0,11.204166666666666,21.483333333333334,80.125
2024-05-18,16.625,22.8,13.2,2.2,2.2,0.0,7.291666666666667,15.1625,98.58333333333333
2024-05-19,16.733333333333334,23.4,12.5,0.2,0.2,0.0,11.35,21.579166666666666,70.79166666666667
2024-05-20,16.354166666666668,23.8,10.7,0.0,0.0,0.0,8.479166666666666,18.037499999999998,46.75
2024-05-21,19.166666666666668,27.1,12.4,0.0,0.0,0.0,9.883333333333333,19.308333333333334,54.375
2024-05-22,22.0,28.5,15.8,0.0,0.0,0.0,14.279166666666667,25.795833333333334,40.791666666666664
2024-05-23,22.733333333333334,27.1,19.0,3.0,3.0,0.0,8.904166666666667,18.120833333333334,81.625
2024-05-24,22.570833333333336,29.4,15.8,0.0,0.0,0.0,9.554166666666667,17.45,28.791666666666668
2024-05-25,19.6125,26.0,13.9,0.0,0.0,0.0,10.5875,20.716666666666665,58.166666666666664
2024-05-26,20.0,26.0,15.7,0.2,0.2,0.0,9.65,19.933333333333334,77.70833333333333
2024-05-27,19.220833333333335,22.5,17.1,34.6,34.6,0.0,16.25,32.104166666666664,100.0
2024-05-28,22.020833333333332,27.1,17.8,0.0,0.0,0.0,15.129166666666668,27.554166666666664,24.375
2024-05-29,19.008333333333333,25.1,14.0,12.4,12.4,0.0,7.9375,18.375,31.291666666666668
2024-05-30,17.6125,21.7,13.9,2.1999999999999997,2.1999999999999997,0.0,12.683333333333332,23.633333333333336,52.416666666666664
2024-05-31,18.6125,25.0,13.2,0.0,0.0,0.0,14.4125,26.308333333333334,45.291666666666664
2024-06-01,20.787499999999998,28.1,13.1,0.0,0.0,0.0,10.729166666666666,20.474999999999998,16.833333333333332
2024-06-02,21.083333333333332,27.3,14.2,0.0,0.0,0.0,10.545833333333333,20.104166666666668,92.70833333333333
2024-06-03,23.641666666666666,30.0,17.5,0.2,0.2,0.0,7.508333333333333,16.320833333333333,43.958333333333336
2024-06-04,20.795833333333334,25.6,16.5,0.0,0.0,0.0,10.320833333333333,20.2,55.166666666666664
2024-06-05,20.295833333333334,26.2,14.7,6.6000000000000005,6.6000000000000005,0.0,10.595833333333333,21.575,86.0
2024-06-06,23.15416666666667,27.8,19.4,40.5,40.5,0.0,12.858333333333334,27.97083333333333,79.04166666666667
2024-06-07,23.058333333333334,28.5,17.5,0.5,0.5,0.0,11.025,21.858333333333334,40.791666666666664
2024-06-08,20.420833333333334,25.3,15.4,0.0,0.0,0.0,15.879166666666668,28.479166666666668,21.208333333333332
2024-06-09,20.429166666666667,25.4,14.6,0.1,0.1,0.0,13.825000000000001,24.525000000000002,45.375
2024-06-10,19.45,24.5,14.6,0.0,0.0,0.0,12.345833333333333,22.920833333333334,48.0
2024-06-11,18.883333333333333,23.4,13.9,1.1,1.1,0.0,7.804166666666667,17.054166666666667,61.291666666666664
2024-06-12,19.900000000000002,25.8,14.5,0.0,0.0,0.0,9.545833333333333,19.3625,48.583333333333336
2024-06-13,21.84583333333333,29.0,13.9,0.0,0.0,0.0,15.058333333333332,27.2,29.791666666666668
2024-06-14,23.175,29.6,19.5,18.9,18.9,0.0,10.045833333333333,21.4375,53.291666666666664
2024-06-15,21.820833333333336,27.4,17.1,0.0,0.0,0.0,14.395833333333334,25.758333333333336,17.333333333333332
2024-06-16,19.195833333333333,24.0,14.5,0.0,0.0,0.0,13.220833333333333,24.849999999999998,66.08333333333333
2024-06-17,22.804166666666664,29.5,16.1,0.0,0.0,0.0,14.5625,25.883333333333336,45.083333333333336
2024-06-18,25.083333333333332,30.0,20.5,0.0,0.0,0.0,15.154166666666667,28.083333333333332,66.45833333333333
2024-06-19,24.958333333333332,31.1,19.8,0.0,0.0,0.0,13.233333333333334,24.920833333333334,74.75
2024-06-20,26.416666666666668,33.4,19.9,0.0,0.0,0.0,12.720833333333333,23.445833333333336,52.75
2024-06-21,27.90833333333333,35.5,22.7,0.0,0.0,0.0,12.1625,24.1375,46.375
2024-06-22,27.1125,34.7,22.3,5.0,5.0,0.0,8.308333333333334,18.391666666666666,61.041666666666664
2024-06-23,29.320833333333336,36.3,22.6,0.1,0.1,0.0,17.941666666666666,32.4125,93.875
2024-06-24,25.28333333333333,27.2,22.3,0.0,0.0,0.0,26.0125,45.25833333333333,30.291666666666668
2024-06-25,26.416666666666668,33.8,20.1,0.0,0.0,0.0,16.691666666666666,30.97083333333333,41.541666666666664
2024-06-26,28.429166666666664,35.8,23.2,0.1,0.1,0.0,16.5625,30.962500000000002,93.79166666666667
2024-06-27,25.224999999999998,30.4,21.6,10.6,10.6,0.0,12.779166666666667,25.079166666666666,42.916666666666664
2024-06-28,20.254166666666666,25.5,15.4,0.0,0.0,0.0,11.804166666666667,24.741666666666664,44.916666666666664
2024-06-29,23.125,26.9,17.9,1.7000000000000002,1.7000000000000002,0.0,20.85,36.49583333333333,94.04166666666667
2024-06-30,26.304166666666664,33.5,22.0,20.8,20.8,0.0,16.954166666666666,31.666666666666668,83.125
2024-07-01,21.945833333333336,26.9,16.5,0.1,0.1,0.0,19.708333333333332,34.74166666666667,13.041666666666666
2024-07-02,22.78333333333333,28.8,16.5,0.0,0.0,0.0,10.1625,21.283333333333335,37.458333333333336
2024-07-03,22.775000000000002,28.1,17.2,0.0,0.0,0.0,14.720833333333333,26.65416666666667,64.375
2024-07-04,24.833333333333332,30.5,19.5,1.8,1.8,0.0,11.791666666666666,23.175,88.70833333333333
2024-07-05,26.895833333333332,32.2,22.1,1.7,1.7,0.0,10.404166666666667,21.712500000000002,89.08333333333333
2024-07-06,28.104166666666668,33.2,23.0,3.2,3.2,0.0,9.995833333333334,21.1,56.333333333333336
2024-07-07,27.900000000000002,32.7,23.9,1.6,1.6,0.0,8.666666666666666,17.654166666666665,50.208333333333336
2024-07-08,27.02916666666667,33.0,23.3,0.0,0.0,0.0,8.0375,18.779166666666665,74.54166666666667
2024-07-09,26.991666666666664,31.0,22.5,0.2,0.2,0.0,10.929166666666667,22.258333333333336,91.70833333333333
2024-07-10,28.083333333333332,32.1,24.8,0.30000000000000004,0.30000000000000004,0.0,18.962500000000002,34.27916666666667,68.91666666666667
2024-07-11,28.054166666666664,34.5,24.2,5.6,5.6,0.0,16.058333333333334,31.379166666666666,42.5
2024-07-12,25.21666666666667,29.5,21.9,6.0,6.0,0.0,9.0625,20.791666666666668,62.416666666666664
2024-07-13,25.40833333333333,30.8,21.6,27.5,27.5,0.0,7.625,18.329166666666666,51.708333333333336
2024-07-14,27.087500000000002,31.4,22.0,1.2,1.2,0.0,7.966666666666666,17.133333333333333,19.875
2024-07-15,28.8125,35.2,23.1,0.5,0.5,0.0,9.924999999999999,21.458333333333332,38.875
2024-07-16,28.945833333333336,35.2,22.7,0.8,0.8,0.0,14.0375,28.058333333333334,39.958333333333336
2024-07-17,27.383333333333336,32.1,23.9,33.7,33.7,0.0,8.591666666666667,19.349999999999998,71.70833333333333
2024-07-18,25.695833333333336,30.9,21.5,0.4,0.4,0.0,9.208333333333334,18.2,74.45833333333333
2024-07-19,23.84583333333333,29.0,18.0,0.0,0.0,0.0,11.383333333333333,22.25,8.041666666666666
2024-07-20,24.145833333333332,28.9,17.8,2.0999999999999996,2.0999999999999996,0.0,8.408333333333333,17.595833333333335,99.20833333333333
2024-07-21,25.95,31.5,19.8,0.1,0.1,0.0,9.049999999999999,19.75,36.125
2024-07-22,24.679166666666664,28.5,21.1,4.5,4.5,0.0,11.108333333333334,22.245833333333334,99.41666666666667
2024-07-23,24.59166666666667,29.6,21.1,3.3000000000000003,3.3000000000000003,0.0,4.675,13.433333333333332,95.33333333333333
2024-07-24,24.59583333333333,29.5,21.2,8.799999999999999,8.799999999999999,0.0,9.133333333333333,18.25,94.66666666666667
2024-07-25,25.087500000000002,30.8,20.7,0.0,0.0,0.0,9.512500000000001,18.5125,82.41666666666667
2024-07-26,23.933333333333334,29.5,18.2,0.0,0.0,0.0,14.320833333333333,26.224999999999998,33.708333333333336
2024-07-27,24.358333333333334,30.0,17.7,0.0,0.0,0.0,8.441666666666666,17.55,25.5
2024-07-28,24.495833333333334,31.5,18.1,0.0,0.0,0.0,11.079166666666666,21.641666666666666,52.041666666666664
2024-07-29,25.025000000000002,29.5,21.6,4.0,4.0,0.0,9.570833333333333,18.845833333333335,75.29166666666667
2024-07-30,26.329166666666666,32.1,21.4,0.0,0.0,0.0,16.170833333333334,29.766666666666666,72.375
2024-07-31,26.066666666666666,32.0,23.2,9.9,9.9,0.0,12.725,25.370833333333334,70.20833333333333
2024-08-01,27.662499999999998,34.9,20.5,0.1,0.1,0.0,8.179166666666667,16.783333333333335,16.125
2024-08-02,27.275000000000002,33.0,23.7,10.0,10.0,0.0,8.608333333333333,19.224999999999998,69.16666666666667
2024-08-03,26.920833333333334,33.1,23.5,13.1,13.1,0.0,9.770833333333334,20.608333333333334,80.41666666666667
2024-08-04,24.566666666666666,28.3,23.1,13.7,13.7,0.0,11.295833333333334,22.412499999999998,80.66666666666667
2024-08-05,26.683333333333334,32.0,20.4,0.0,0.0,0.0,10.033333333333333,19.395833333333332,39.375
2024-08-06,25.858333333333334,32.6,22.1,37.5,37.5,0.0,10.275,22.662499999999998,54.75
2024-08-07,21.158333333333335,22.7,18.6,24.0,24.0,0.0,15.616666666666667,28.7,99.95833333333333
2024-08-08,20.6875,23.5,18.2,5.7,5.7,0.0,16.470833333333335,28.9375,100.0
2024-08-09,24.829166666666666,28.5,22.1,23.7,23.7,0.0,25.28333333333333,45.56666666666666,98.95833333333333
2024-08-10,25.308333333333334,29.5,21.8,1.0,1.0,0.0,12.583333333333334,22.849999999999998,32.791666666666664
2024-08-11,23.15833333333333,27.5,19.1,0.0,0.0,0.0,9.645833333333334,18.879166666666666,55.958333333333336
2024-08-12,21.920833333333334,26.4,16.5,0.0,0.0,0.0,11.525,21.125,23.541666666666668
2024-08-13,21.629166666666666,27.1,16.5,0.0,0.0,0.0,10.275,19.266666666666666,25.458333333333332
2024-08-14,23.008333333333336,28.5,17.6,0.1,0.1,0.0,9.833333333333334,18.3875,28.5
2024-08-15,24.041666666666668,30.4,17.2,0.0,0.0,0.0,7.841666666666666,15.141666666666666,14.166666666666666
2024-08-16,24.150000000000002,30.5,18.5,0.0,0.0,0.0,8.362499999999999,16.8,23.541666666666668
2024-08-17,23.412499999999998,26.5,20.9,4.6,4.6,0.0,14.9375,27.583333333333332,72.33333333333333
2024-08-18,22.866666666666664,25.8,21.1,27.5,27.5,0.0,16.116666666666667,30.520833333333332,95.0
2024-08-19,22.933333333333334,28.5,20.4,29.700000000000003,29.700000000000003,0.0,9.895833333333334,21.150000000000002,77.70833333333333
2024-08-20,19.099999999999998,22.5,16.5,0.1,0.1,0.0,17.179166666666667,31.037499999999998,38.625
2024-08-21,17.954166666666666,22.8,13.0,0.0,0.0,0.0,13.424999999999999,24.75,7.708333333333333
2024-08-22,18.95,24.6,12.6,0.0,0.0,0.0,11.025,20.349999999999998,15.25
2024-08-23,20.625,27.5,13.4,0.0,0.0,0.0,8.4375,16.3875,8.541666666666666
2024-08-24,22.075,30.0,14.9,0.0,0.0,0.0,7.070833333333333,14.533333333333333,32.75
2024-08-25,23.02916666666667,30.2,16.4,0.2,0.2,0.0,9.666666666666666,17.954166666666666,37.0
2024-08-26,23.28333333333333,30.0,18.2,0.9,0.9,0.0,7.158333333333334,17.341666666666665,15.333333333333334
2024-08-27,23.325,29.9,17.8,0.0,0.0,0.0,8.620833333333334,17.412499999999998,19.166666666666668
2024-08-28,27.21666666666667,34.2,21.5,0.0,0.0,0.0,12.545833333333334,22.983333333333334,44.708333333333336
2024-08-29,23.3125,27.0,20.2,4.6,4.6,0.0,14.387500000000001,26.2625,77.625
2024-08-30,20.7,24.0,18.3,3.9,3.9,0.0,12.9625,23.974999999999998,80.79166666666667
2024-08-31,21.766666666666666,25.8,17.8,0.9,0.9,0.0,10.35,19.229166666666668,78.54166666666667
2024-09-01,24.266666666666666,29.1,21.0,4.8,4.8,0.0,11.920833333333334,22.229166666666668,85.875
2024-09-02,21.84583333333333,26.2,17.6,0.0,0.0,0.0,15.745833333333332,27.445833333333336,36.458333333333336
2024-09-03,17.775000000000002,23.0,12.3,0.0,0.0,0.0,10.991666666666667,21.091666666666665,0.0
2024-09-04,18.425,25.1,12.4,0.0,0.0,0.0,8.408333333333333,15.9625,0.0
2024-09-05,18.908333333333335,25.6,12.7,0.0,0.0,0.0,9.5125,17.925,1.0833333333333333
2024-09-06,19.979166666666668,26.5,14.6,0.1,0.1,0.0,9.799999999999999,19.3625,36.666666666666664
2024-09-07,19.795833333333334,24.5,14.2,3.1,3.1,0.0,13.004166666666668,23.77916666666667,85.16666666666667
2024-09-08,16.462500000000002,21.9,11.4,0.0,0.0,0.0,14.545833333333334,26.09166666666667,2.0416666666666665
2024-09-09,18.016666666666666,25.0,10.6,0.0,0.0,0.0,12.012500000000001,22.59583333333333,9.583333333333334
2024-09-10,19.558333333333334,26.1,13.8,0.0,0.0,0.0,10.608333333333333,19.2625,3.875
2024-09-11,18.537499999999998,25.5,12.1,0.0,0.0,0.0,8.283333333333333,16.4375,54.541666666666664
2024-09-12,19.5125,26.3,14.9,0.0,0.0,0.0,6.179166666666667,13.866666666666667,39.375
2024-09-13,19.958333333333332,27.5,13.9,0.0,0.0,0.0,5.1499999999999995,12.495833333333332,24.0
2024-09-14,21.820833333333336,29.6,14.9,0.0,0.0,0.0,7.966666666666666,15.658333333333333,19.083333333333332
2024-09-15,20.941666666666666,28.1,15.5,0.0,0.0,0.0,10.166666666666666,19.091666666666665,7.666666666666667
2024-09-16,18.933333333333334,25.8,13.1,0.0,0.0,0.0,9.120833333333334,17.620833333333334,77.33333333333333
2024-09-17,20.091666666666665,27.2,14.8,0.0,0.0,0.0,9.779166666666667,18.691666666666666,96.29166666666667
2024-09-18,20.650000000000002,23.9,17.9,0.0,0.0,0.0,12.691666666666668,22.258333333333336,99.79166666666667
2024-09-19,22.775000000000002,29.8,16.4,0.0,0.0,0.0,12.204166666666666,22.454166666666666,94.125
2024-09-20,22.008333333333336,27.8,17.4,0.0,0.0,0.0,13.216666666666667,24.104166666666668,28.041666666666668
2024-09-21,20.295833333333334,27.1,15.4,0.0,0.0,0.0,13.5375,24.52916666666667,34.75
2024-09-22,18.845833333333335,25.4,13.6,0.0,0.0,0.0,11.408333333333333,22.6375,33.291666666666664
2024-09-23,17.254166666666666,21.1,13.2,0.1,0.1,0.0,10.095833333333333,19.633333333333333,83.20833333333333
2024-09-24,17.4375,20.2,13.9,0.0,0.0,0.0,12.570833333333333,22.666666666666668,97.08333333333333
2024-09-25,17.925,20.8,16.0,1.1,1.1,0.0,14.641666666666666,25.71666666666667,99.95833333333333
2024-09-26,20.358333333333334,23.4,17.1,4.4,4.4,0.0,11.095833333333333,19.4875,100.0
2024-09-27,20.445833333333333,22.3,18.6,0.9,0.9,0.0,7.883333333333333,15.129166666666668,100.0
2024-09-28,17.908333333333335,20.0,16.0,13.700000000000001,13.700000000000001,0.0,14.945833333333333,25.491666666666664,88.875
2024-09-29,17.233333333333334,18.6,16.5,1.2000000000000002,1.2000000000000002,0.0,13.995833333333332,24.162499999999998,99.5
2024-09-30,18.095833333333335,22.9,14.4,0.0,0.0,0.0,11.35,20.216666666666665,90.58333333333333
2024-10-01,17.554166666666667,22.2,14.6,0.0,0.0,0.0,11.716666666666667,20.845833333333335,78.33333333333333
2024-10-02,16.35833333333333,20.7,13.0,0.0,0.0,0.0,8.508333333333333,16.92083333333333,65.08333333333333
2024-10-03,17.9375,22.4,15.1,0.1,0.1,0.0,6.6875,14.029166666666667,78.375
2024-10-04,17.5,23.4,12.4,0.2,0.2,0.0,9.183333333333334,17.054166666666667,86.20833333333333
2024-10-05,18.745833333333334,24.0,13.7,0.4,0.4,0.0,11.154166666666667,20.445833333333333,19.291666666666668
2024-10-06,16.045833333333334,21.9,10.1,0.0,0.0,0.0,10.425,19.670833333333334,16.0
2024-10-07,18.6375,23.6,15.6,5.5,5.5,0.0,14.504166666666668,25.9375,50.791666666666664
2024-10-08,15.475,20.9,10.4,0.0,0.0,0.0,11.016666666666666,20.670833333333334,29.708333333333332
2024-10-09,14.966666666666667,20.2,9.2,0.1,0.1,0.0,11.333333333333334,21.204166666666666,35.75
2024-10-10,12.325000000000001,18.0,7.7,0.0,0.0,0.0,17.416666666666668,31.5125,4.666666666666667
2024-10-11,13.541666666666666,21.1,6.4,0.0,0.0,0.0,13.483333333333334,24.233333333333334,1.0416666666666667
2024-10-12,17.508333333333333,23.1,12.3,0.0,0.0,0.0,15.616666666666667,27.816666666666666,12.958333333333334
2024-10-13,16.733333333333334,23.6,9.8,0.0,0.0,0.0,11.208333333333334,20.3875,52.833333333333336
2024-10-14,13.591666666666667,19.5,8.6,0.0,0.0,0.0,18.01666666666667,32.63333333333333,38.916666666666664
2024-10-15,9.816666666666666,14.7,5.4,0.2,0.2,0.0,14.016666666666666,25.979166666666668,28.458333333333332
2024-10-16,9.904166666666667,15.5,5.4,0.0,0.0,0.0,15.8125,27.941666666666666,19.041666666666668
2024-10-17,9.420833333333333,15.2,3.6,0.0,0.0,0.0,13.6625,25.724999999999998,23.75
2024-10-18,12.191666666666668,19.5,6.8,0.0,0.0,0.0,14.325000000000001,25.458333333333332,0.0
2024-10-19,13.145833333333334,21.6,7.1,0.0,0.0,0.0,6.770833333333333,13.679166666666667,0.0
2024-10-20,14.329166666666666,24.6,5.8,0.0,0.0,0.0,6.9624999999999995,13.020833333333334,3.4166666666666665
2024-10-21,17.366666666666667,27.8,7.8,0.0,0.0,0.0,8.758333333333333,15.379166666666668,0.2916666666666667
2024-10-22,18.891666666666666,27.8,12.8,0.0,0.0,0.0,8.475,15.070833333333333,0.5416666666666666
2024-10-23,17.695833333333333,25.4,10.9,0.0,0.0,0.0,11.075000000000001,19.712500000000002,7.25
2024-10-24,16.3125,20.8,11.6,0.6,0.6,0.0,16.520833333333332,29.241666666666664,15.75
2024-10-25,11.9125,18.1,6.4,0.0,0.0,0.0,10.558333333333334,20.462500000000002,17.375
2024-10-26,13.520833333333334,18.3,9.6,0.0,0.0,0.0,15.129166666666668,26.59166666666667,17.416666666666668
2024-10-27,9.695833333333335,14.9,4.8,0.0,0.0,0.0,10.145833333333334,19.333333333333332,37.666666666666664
2024-10-28,9.308333333333334,16.2,2.9,0.0,0.0,0.0,7.479166666666667,14.241666666666667,23.75
2024-10-29,12.808333333333332,17.5,6.1,1.1,1.1,0.0,12.295833333333334,22.129166666666666,67.91666666666667
2024-10-30,17.295833333333334,25.9,11.1,0.0,0.0,0.0,9.9375,18.0125,82.91666666666667
2024-10-31,19.92083333333333,28.2,12.0,0.0,0.0,0.0,13.804166666666667,23.958333333333332,71.83333333333333
2024-11-01,21.083333333333332,26.6,15.1,0.3,0.3,0.0,21.3125,36.8375,47.708333333333336
2024-11-02,12.195833333333333,15.9,8.3,0.0,0.0,0.0,14.216666666666667,25.7375,4.375
2024-11-03,7.5249999999999995,13.2,3.7,0.0,0.0,0.0,10.75,20.1875,9.875
2024-11-04,9.116666666666667,14.4,3.5,0.0,0.0,0.0,11.262500000000001,20.054166666666667,68.83333333333333
2024-11-05,15.637500000000001,22.5,8.8,0.0,0.0,0.0,13.491666666666667,23.554166666666664,25.125
2024-11-06,20.875,27.0,16.4,0.0,0.0,0.0,17.525000000000002,30.712500000000002,15.625
2024-11-07,18.091666666666665,23.0,12.5,0.0,0.0,0.0,13.404166666666667,23.78333333333333,36.375
2024-11-08,13.5,20.6,6.7,0.0,0.0,0.0,14.945833333333333,27.09583333333333,6.333333333333333
2024-11-09,8.733333333333333,13.0,4.5,0.0,0.0,0.0,14.445833333333333,26.729166666666668,7.333333333333333
2024-11-10,8.762500000000001,14.4,2.3,0.7,0.7,0.0,11.183333333333332,19.1375,88.29166666666667
2024-11-11,15.829166666666666,21.0,10.9,3.3,3.3,0.0,18.970833333333335,33.824999999999996,43.291666666666664
2024-11-12,9.700000000000001,12.1,5.6,0.0,0.0,0.0,19.829166666666666,42.19166666666667,8.166666666666666
2024-11-13,5.133333333333334,9.1,1.4,0.0,0.0,0.0,9.645833333333334,25.058333333333334,3.2916666666666665
2024-11-14,4.7124999999999995,7.8,1.4,0.0,0.0,0.0,5.7875000000000005,16.166666666666668,83.41666666666667
2024-11-15,8.291666666666666,14.8,3.0,0.0,0.0,0.0,8.133333333333333,19.566666666666666,58.333333333333336
2024-11-16,10.608333333333333,16.5,6.2,0.0,0.0,0.0,13.775,32.32083333333333,0.0
2024-11-17,11.329166666666666,18.0,6.5,0.0,0.0,0.0,8.491666666666667,20.420833333333334,53.333333333333336
2024-11-18,12.458333333333334,17.9,7.6,0.0,0.0,0.0,10.391666666666667,24.608333333333334,43.125
2024-11-19,10.820833333333333,14.8,5.9,0.0,0.0,0.0,6.304166666666667,17.266666666666666,60.666666666666664
2024-11-20,11.775,15.9,7.2,0.0,0.0,0.0,5.445833333333333,14.5,56.166666666666664
2024-11-21,8.608333333333333,12.2,4.2,42.3,42.3,0.0,13.004166666666668,29.662499999999998,100.0
2024-11-22,3.516666666666667,4.9,2.1,14.9,14.8,0.07,17.004166666666666,39.84583333333333,100.0
2024-11-23,5.704166666666667,8.9,2.5,1.4000000000000001,1.4000000000000001,0.0,15.904166666666667,37.675000000000004,62.25
2024-11-24,8.079166666666667,10.9,5.5,0.0,0.0,0.0,15.058333333333332,36.541666666666664,58.083333333333336
2024-11-25,6.733333333333333,10.8,2.2,0.0,0.0,0.0,6.4125000000000005,16.337500000000002,51.958333333333336
2024-11-26,10.733333333333334,14.9,6.6,3.7,3.7,0.0,8.266666666666667,19.020833333333332,55.625
2024-11-27,5.941666666666666,10.3,2.3,0.0,0.0,0.0,6.504166666666666,15.666666666666666,63.083333333333336
2024-11-28,6.854166666666667,11.7,4.9,13.1,13.1,0.0,11.783333333333333,27.441666666666666,75.125
2024-11-29,3.875,7.8,1.1,0.2,0.2,0.0,10.791666666666666,27.270833333333332,27.583333333333332
2024-11-30,0.375,3.5,-2.2,0.0,0.0,0.0,10.954166666666666,27.1125,11.958333333333334
2024-12-01,-1.0458333333333334,2.7,-3.7,0.0,0.0,0.0,9.683333333333334,24.541666666666668,30.458333333333332
2024-12-02,-0.45,4.0,-3.2,0.0,0.0,0.0,6.320833333333333,15.654166666666667,11.375
2024-12-03,0.8416666666666667,5.2,-2.2,0.0,0.0,0.0,7.654166666666668,19.016666666666666,9.666666666666666
2024-12-04,0.22916666666666663,3.8,-3.3,0.0,0.0,0.0,8.191666666666666,19.5,60.708333333333336
2024-12-05,2.275,4.6,-0.1,3.6,2.1,1.05,18.754166666666666,44.112500000000004,64.70833333333333
2024-12-06,-1.0541666666666667,0.2,-2.3,0.0,0.0,0.0,14.033333333333333,34.525,53.0
2024-12-07,0.6166666666666666,4.7,-2.7,0.0,0.0,0.0,11.229166666666666,26.712500000000002,48.125
2024-12-08,5.654166666666666,11.4,1.5,0.0,0.0,0.0,12.9625,30.120833333333334,62.583333333333336
2024-12-09,5.5,10.4,1.0,7.3999999999999995,7.3999999999999995,0.0,5.3374999999999995,11.85,78.83333333333333
2024-12-10,8.112499999999999,11.1,5.8,2.1,2.1,0.0,7.625,16.983333333333334,100.0
2024-12-11,12.954166666666666,16.1,5.9,34.3,34.3,0.0,16.275000000000002,37.30416666666667,100.0
2024-12-12,1.5999999999999999,5.2,-2.0,0.1,0.1,0.0,17.025000000000002,42.512499999999996,24.291666666666668
2024-12-13,-2.375,0.2,-4.0,0.0,0.0,0.0,6.825,17.5125,3.2916666666666665
2024-12-14,-2.7083333333333335,0.6,-5.6,0.0,0.0,0.0,3.8791666666666664,11.279166666666667,7.333333333333333
2024-12-15,-1.2,3.0,-4.9,0.1,0.1,0.0,6.683333333333334,15.241666666666667,94.29166666666667
2024-12-16,5.483333333333333,9.5,1.6,15.4,15.4,0.0,9.158333333333333,19.375,100.0
2024-12-17,10.783333333333333,14.7,7.4,4.7,4.7,0.0,12.125,26.65833333333333,67.08333333333333
2024-12-18,6.2875000000000005,9.9,1.5,2.5,2.5,0.0,4.891666666666667,14.045833333333334,36.208333333333336
2024-12-19,4.445833333333334,6.8,0.8,2.6,2.6,0.0,10.508333333333333,25.075,69.41666666666667
2024-12-20,0.8833333333333333,2.5,-0.8,1.7000000000000002,0.9,0.56,10.4625,24.454166666666666,99.625
2024-12-21,-2.6458333333333335,0.3,-6.6,4.1,0.0,2.87,13.637500000000001,32.145833333333336,70.0
2024-12-22,-9.095833333333333,-6.9,-12.1,0.0,0.0,0.0,9.358333333333333,23.28333333333333,7.791666666666667
2024-12-23,-10.208333333333334,-4.0,-14.9,0.0,0.0,0.0,3.7583333333333333,10.558333333333334,33.958333333333336
2024-12-24,-1.6833333333333333,1.5,-4.1,1.9000000000000001,0.0,1.33,6.608333333333333,14.816666666666668,71.66666666666667
2024-12-25,-2.8874999999999997,0.2,-6.3,0.0,0.0,0.0,6.645833333333333,15.345833333333333,58.0
2024-12-26,-4.970833333333333,-0.2,-8.1,0.0,0.0,0.0,5.470833333333334,13.7125,15.083333333333334
2024-12-27,-3.845833333333333,2.0,-9.4,0.0,0.0,0.0,3.4583333333333335,8.475,59.916666666666664
2024-12-28,4.008333333333334,7.2,1.8,5.6000000000000005,5.6000000000000005,0.0,4.395833333333333,8.35,100.0
2024-12-29,9.558333333333334,16.1,4.4,2.6999999999999997,2.6999999999999997,0.0,9.520833333333334,20.429166666666667,98.125
2024-12-30,11.450000000000001,13.0,7.8,5.8,5.8,0.0,15.979166666666666,36.94166666666667,48.333333333333336
2024-12-31,6.216666666666666,9.7,1.5,5.9,5.9,0.0,7.4375,18.3125,41.416666666666664
